Value	Strand	bp
28.2979	A	1
22.85949	A	2
19.34503	A	3
28.08611	A	4
22.88378	A	5
5.963025	A	6
2.770947	A	7
4.477775	A	8
6.12572	A	9
17.98163	A	10
23.80551	A	11
26.33561	A	12
28.2979	A	13
28.2979	A	14
28.2979	A	15
28.2979	A	16
28.2979	A	17
28.2979	A	18
28.2979	A	19
28.2979	A	20
28.2979	A	21
28.2979	A	22
28.2979	A	23
28.2979	A	24
28.2979	A	25
28.2979	A	26
28.2979	A	27
28.2979	A	28
28.2979	A	29
28.2979	A	30
28.2979	A	31
28.2979	A	32
28.2979	A	33
28.2979	A	34
28.2979	A	35
28.2979	A	36
28.2979	A	37
28.2979	A	38
28.2979	A	39
28.2979	A	40
28.2979	A	41
28.2979	A	42
28.2979	A	43
28.2979	A	44
28.2979	A	45
28.2979	A	46
28.2979	A	47
28.2979	A	48
28.2979	A	49
28.2979	A	50
28.2979	A	51
28.2979	A	52
28.2979	A	53
28.2979	A	54
28.2979	A	55
28.2979	A	56
28.2979	A	57
28.2979	A	58
28.2979	A	59
28.2979	A	60
28.2979	A	61
28.2979	A	62
28.2979	A	63
28.2979	A	64
28.2979	A	65
28.2979	A	66
28.2979	A	67
28.2979	A	68
28.2979	A	69
28.2979	A	70
28.2979	A	71
28.2979	A	72
28.2979	A	73
28.2979	A	74
28.2979	A	75
28.2979	A	76
28.2979	A	77
28.2979	A	78
28.2979	A	79
28.2979	A	80
28.2979	A	81
28.2979	A	82
28.2979	A	83
28.2979	A	84
28.2979	A	85
28.2979	A	86
28.2979	A	87
28.2979	A	88
28.2979	A	89
28.2979	A	90
28.2979	A	91
28.2979	A	92
28.2979	A	93
28.2979	A	94
28.2979	A	95
28.2979	A	96
28.2979	A	97
28.2979	A	98
28.2979	A	99
28.2979	A	100
28.2979	A	101
28.2979	A	102
28.2979	A	103
28.2979	A	104
28.2979	A	105
28.2979	A	106
28.2979	A	107
28.2979	A	108
28.2979	A	109
28.2979	A	110
28.2979	A	111
28.2979	A	112
28.2979	A	113
28.2979	A	114
28.2979	A	115
28.2979	A	116
28.2979	A	117
28.2979	A	118
28.2979	A	119
28.2979	A	120
28.2979	A	121
28.2979	A	122
28.2979	A	123
28.2979	A	124
28.2979	A	125
28.2979	A	126
28.2979	A	127
28.2979	A	128
28.2979	A	129
28.2979	A	130
28.2979	A	131
28.2979	A	132
28.2979	A	133
28.2979	A	134
28.2979	A	135
28.2979	A	136
28.2979	A	137
28.2979	A	138
28.2979	A	139
28.2979	A	140
28.2979	A	141
28.2979	A	142
28.2979	A	143
28.2979	A	144
28.2979	A	145
28.2979	A	146
28.2979	A	147
28.2979	B	147
28.2979	B	146
28.2979	B	145
28.2979	B	144
28.2979	B	143
28.2979	B	142
28.2979	B	141
28.2979	B	140
28.2979	B	139
28.2979	B	138
28.2979	B	137
28.2979	B	136
28.2979	B	135
28.2979	B	134
28.2979	B	133
28.2979	B	132
28.2979	B	131
28.2979	B	130
28.2979	B	129
28.2979	B	128
28.2979	B	127
28.2979	B	126
28.2979	B	125
28.2979	B	124
28.2979	B	123
28.2979	B	122
28.2979	B	121
28.2979	B	120
28.2979	B	119
28.2979	B	118
28.2979	B	117
28.2979	B	116
28.2979	B	115
28.2979	B	114
28.2979	B	113
28.2979	B	112
28.2979	B	111
28.2979	B	110
28.2979	B	109
28.2979	B	108
28.2979	B	107
28.2979	B	106
28.2979	B	105
28.2979	B	104
28.2979	B	103
28.2979	B	102
28.2979	B	101
28.2979	B	100
28.2979	B	99
28.2979	B	98
28.2979	B	97
28.2979	B	96
28.2979	B	95
28.2979	B	94
28.2979	B	93
28.2979	B	92
28.2979	B	91
28.2979	B	90
28.2979	B	89
28.2979	B	88
28.2979	B	87
28.2979	B	86
28.2979	B	85
28.2979	B	84
28.2979	B	83
28.2979	B	82
28.2979	B	81
28.2979	B	80
28.2979	B	79
28.2979	B	78
28.2979	B	77
28.2979	B	76
28.2979	B	75
28.2979	B	74
28.2979	B	73
28.2979	B	72
28.2979	B	71
28.2979	B	70
28.2979	B	69
28.2979	B	68
28.2979	B	67
28.2979	B	66
28.2979	B	65
28.2979	B	64
28.2979	B	63
28.2979	B	62
28.2979	B	61
28.2979	B	60
28.2979	B	59
28.2979	B	58
28.2979	B	57
28.2979	B	56
28.2979	B	55
28.2979	B	54
28.2979	B	53
28.2979	B	52
28.2979	B	51
28.2979	B	50
28.2979	B	49
28.2979	B	48
28.2979	B	47
28.2979	B	46
28.2979	B	45
28.2979	B	44
28.2979	B	43
28.2979	B	42
28.2979	B	41
28.2979	B	40
28.2979	B	39
28.2979	B	38
28.2979	B	37
28.2979	B	36
28.2979	B	35
28.2979	B	34
28.2979	B	33
28.2979	B	32
28.2979	B	31
28.2979	B	30
28.2979	B	29
28.2979	B	28
28.2979	B	27
28.2979	B	26
28.2979	B	25
28.2979	B	24
28.2979	B	23
28.2979	B	22
28.2979	B	21
28.2979	B	20
28.2979	B	19
28.2979	B	18
28.2979	B	17
28.2979	B	16
28.2979	B	15
28.2979	B	14
28.2979	B	13
28.2979	B	12
18.99372	B	11
21.94062	B	10
28.2979	B	9
24.63397	B	8
20.55663	B	7
8.576561	B	6
8.836034	B	5
2.637865	B	4
4.760002	B	3
20.8511	B	2
26.8618	B	1
